"rownums","type"
11,"na_mc_plan_id_rows"
12,"na_mc_plan_id_rows"
77,"na_mc_plan_id_rows"
3626,"na_mc_plan_id_rows"
3627,"na_mc_plan_id_rows"
3628,"na_mc_plan_id_rows"
3629,"na_mc_plan_id_rows"
3630,"na_mc_plan_id_rows"
3631,"na_mc_plan_id_rows"
3632,"na_mc_plan_id_rows"
3633,"na_mc_plan_id_rows"
7223,"na_mc_plan_id_rows"
7380,"na_mc_plan_id_rows"
7381,"na_mc_plan_id_rows"
7382,"na_mc_plan_id_rows"
7395,"na_mc_plan_id_rows"
7396,"na_mc_plan_id_rows"
7397,"na_mc_plan_id_rows"
7569,"na_mc_plan_id_rows"
7570,"na_mc_plan_id_rows"
7571,"na_mc_plan_id_rows"
7572,"na_mc_plan_id_rows"
7660,"na_mc_plan_id_rows"
7692,"na_mc_plan_id_rows"
7891,"na_mc_plan_id_rows"
9131,"na_mc_plan_id_rows"
10290,"na_mc_plan_id_rows"
10291,"na_mc_plan_id_rows"
10292,"na_mc_plan_id_rows"
10293,"na_mc_plan_id_rows"
10318,"na_mc_plan_id_rows"
10319,"na_mc_plan_id_rows"
10563,"na_mc_plan_id_rows"
10564,"na_mc_plan_id_rows"
10673,"na_mc_plan_id_rows"
10674,"na_mc_plan_id_rows"
10795,"na_mc_plan_id_rows"
10940,"na_mc_plan_id_rows"
7230,"repeated_mc_plan_id_rows"
7235,"repeated_mc_plan_id_rows"
7239,"repeated_mc_plan_id_rows"
7244,"repeated_mc_plan_id_rows"
7290,"repeated_mc_plan_id_rows"
7292,"repeated_mc_plan_id_rows"
7294,"repeated_mc_plan_id_rows"
7298,"repeated_mc_plan_id_rows"
7300,"repeated_mc_plan_id_rows"
7474,"repeated_mc_plan_id_rows"
7479,"repeated_mc_plan_id_rows"
7481,"repeated_mc_plan_id_rows"
7484,"repeated_mc_plan_id_rows"
7488,"repeated_mc_plan_id_rows"
7491,"repeated_mc_plan_id_rows"
7493,"repeated_mc_plan_id_rows"
7495,"repeated_mc_plan_id_rows"
7497,"repeated_mc_plan_id_rows"
7518,"repeated_mc_plan_id_rows"
7536,"repeated_mc_plan_id_rows"
7574,"repeated_mc_plan_id_rows"
7575,"repeated_mc_plan_id_rows"
7576,"repeated_mc_plan_id_rows"
7578,"repeated_mc_plan_id_rows"
7579,"repeated_mc_plan_id_rows"
7581,"repeated_mc_plan_id_rows"
7582,"repeated_mc_plan_id_rows"
7584,"repeated_mc_plan_id_rows"
7585,"repeated_mc_plan_id_rows"
7586,"repeated_mc_plan_id_rows"
7588,"repeated_mc_plan_id_rows"
7589,"repeated_mc_plan_id_rows"
7591,"repeated_mc_plan_id_rows"
7592,"repeated_mc_plan_id_rows"
7593,"repeated_mc_plan_id_rows"
7595,"repeated_mc_plan_id_rows"
7596,"repeated_mc_plan_id_rows"
7597,"repeated_mc_plan_id_rows"
7599,"repeated_mc_plan_id_rows"
7667,"repeated_mc_plan_id_rows"
7669,"repeated_mc_plan_id_rows"
7678,"repeated_mc_plan_id_rows"
7683,"repeated_mc_plan_id_rows"
7685,"repeated_mc_plan_id_rows"
7687,"repeated_mc_plan_id_rows"
